roteiro;arquivo;tOcupadoMs;janelaConfMs;pulsosConf;confirmacaoPorNivelMs;ativou;atraso_s;ocupado_s;ocupacao_real_s;ocupado_indevido_s;cauda_s;desocupado_indevido_s;luz_ligada_s;hvac_ligado_s;reducao_luz_pct;reducao_hvac_pct;leituras;perdidas
CT-07 S1 passagem isolada — A janela desativada;docs/experimentos/roteiros/ct07/s1-a.json;30000;0;1;0;sim;0.0;35.0;0.0;35.0;0.0;0.0;35.0;35.0;76.7;76.7;76;0
CT-07 S1 passagem isolada — B janela 10 s, 2 pulsos;docs/experimentos/roteiros/ct07/s1-b.json;30000;10000;2;0;nao;;0.0;0.0;0.0;0.0;0.0;0.0;0.0;100.0;100.0;76;0
CT-07 S1 passagem isolada — C janela 20 s, 2 pulsos;docs/experimentos/roteiros/ct07/s1-c.json;30000;20000;2;0;nao;;0.0;0.0;0.0;0.0;0.0;0.0;0.0;100.0;100.0;76;0
CT-07 S1 passagem isolada — D janela 10 s, 2 pulsos ou 7 s em alto;docs/experimentos/roteiros/ct07/s1-d.json;30000;10000;2;7000;nao;;0.0;0.0;0.0;0.0;0.0;0.0;0.0;100.0;100.0;76;0
CT-07 S2 duas passagens (60 s) — A janela desativada;docs/experimentos/roteiros/ct07/s2-a.json;30000;0;1;0;sim;0.0;70.0;0.0;70.0;0.0;0.0;70.0;70.0;53.3;53.3;77;0
CT-07 S2 duas passagens (60 s) — B janela 10 s, 2 pulsos;docs/experimentos/roteiros/ct07/s2-b.json;30000;10000;2;0;nao;;0.0;0.0;0.0;0.0;0.0;0.0;0.0;100.0;100.0;77;0
CT-07 S2 duas passagens (60 s) — C janela 20 s, 2 pulsos;docs/experimentos/roteiros/ct07/s2-c.json;30000;20000;2;0;nao;;0.0;0.0;0.0;0.0;0.0;0.0;0.0;100.0;100.0;77;0
CT-07 S2 duas passagens (60 s) — D janela 10 s, 2 pulsos ou 7 s em alto;docs/experimentos/roteiros/ct07/s2-d.json;30000;10000;2;7000;nao;;0.0;0.0;0.0;0.0;0.0;0.0;0.0;100.0;100.0;77;0
CT-07 S3 permanencia, mov. continuo — A janela desativada;docs/experimentos/roteiros/ct07/s3-a.json;30000;0;1;0;sim;0.0;115.0;80.0;0.0;35.0;0.0;115.0;115.0;23.3;23.3;76;0
CT-07 S3 permanencia, mov. continuo — B janela 10 s, 2 pulsos;docs/experimentos/roteiros/ct07/s3-b.json;30000;10000;2;0;nao;;0.0;80.0;0.0;0.0;80.0;0.0;0.0;100.0;100.0;76;0
CT-07 S3 permanencia, mov. continuo — C janela 20 s, 2 pulsos;docs/experimentos/roteiros/ct07/s3-c.json;30000;20000;2;0;nao;;0.0;80.0;0.0;0.0;80.0;0.0;0.0;100.0;100.0;76;0
CT-07 S3 permanencia, mov. continuo — D janela 10 s, 2 pulsos ou 7 s em alto;docs/experimentos/roteiros/ct07/s3-d.json;30000;10000;2;7000;sim;7.0;108.0;80.0;0.0;35.0;7.0;108.0;108.0;28.0;28.0;76;0
CT-07 S4 permanencia, mov. a cada 8 s — A janela desativada;docs/experimentos/roteiros/ct07/s4-a.json;30000;0;1;0;sim;0.0;115.0;80.0;0.0;35.0;0.0;115.0;115.0;23.3;23.3;76;0
CT-07 S4 permanencia, mov. a cada 8 s — B janela 10 s, 2 pulsos;docs/experimentos/roteiros/ct07/s4-b.json;30000;10000;2;0;sim;8.0;107.0;80.0;0.0;35.0;8.0;107.0;107.0;28.7;28.7;76;0
CT-07 S4 permanencia, mov. a cada 8 s — C janela 20 s, 2 pulsos;docs/experimentos/roteiros/ct07/s4-c.json;30000;20000;2;0;sim;8.0;107.0;80.0;0.0;35.0;8.0;107.0;107.0;28.7;28.7;76;0
CT-07 S4 permanencia, mov. a cada 8 s — D janela 10 s, 2 pulsos ou 7 s em alto;docs/experimentos/roteiros/ct07/s4-d.json;30000;10000;2;7000;sim;8.0;107.0;80.0;0.0;35.0;8.0;107.0;107.0;28.7;28.7;76;0
CT-07 S5 permanencia, pessoa parada — A janela desativada;docs/experimentos/roteiros/ct07/s5-a.json;30000;0;1;0;sim;0.0;35.0;80.0;0.0;0.0;45.0;35.0;35.0;76.7;76.7;76;0
CT-07 S5 permanencia, pessoa parada — B janela 10 s, 2 pulsos;docs/experimentos/roteiros/ct07/s5-b.json;30000;10000;2;0;nao;;0.0;80.0;0.0;0.0;80.0;0.0;0.0;100.0;100.0;76;0
CT-07 S5 permanencia, pessoa parada — C janela 20 s, 2 pulsos;docs/experimentos/roteiros/ct07/s5-c.json;30000;20000;2;0;nao;;0.0;80.0;0.0;0.0;80.0;0.0;0.0;100.0;100.0;76;0
CT-07 S5 permanencia, pessoa parada — D janela 10 s, 2 pulsos ou 7 s em alto;docs/experimentos/roteiros/ct07/s5-d.json;30000;10000;2;7000;nao;;0.0;80.0;0.0;0.0;80.0;0.0;0.0;100.0;100.0;76;0
CT-09 ocupação densa (sala de trabalho individual) — A janela desativada;docs/experimentos/roteiros/ct09/denso-a.json;30000;0;1;0;sim;0.0;26196.0;26100.0;0.0;108.0;12.0;26196.0;26196.0;9.0;9.0;14404;0
CT-09 ocupação densa (sala de trabalho individual) — D janela 10 s, 2 pulsos ou 7 s em alto;docs/experimentos/roteiros/ct09/denso-d.json;30000;10000;2;7000;sim;8.0;26156.0;26100.0;0.0;108.0;52.0;26156.0;26156.0;9.2;9.2;14404;0
CT-09 ocupação esparsa (sala de reuniões) — A janela desativada;docs/experimentos/roteiros/ct09/esparso-a.json;30000;0;1;0;sim;0.0;10012.0;9900.0;0.0;112.0;0.0;10012.0;10012.0;65.2;65.2;14404;0
CT-09 ocupação esparsa (sala de reuniões) — D janela 10 s, 2 pulsos ou 7 s em alto;docs/experimentos/roteiros/ct09/esparso-d.json;30000;10000;2;7000;sim;8.0;9980.0;9900.0;0.0;112.0;32.0;9980.0;9980.0;65.3;65.3;14404;0
CT-02 movimento leva a OCUPADO e liga luz e HVAC;docs/experimentos/roteiros/funcionais/ct02-ocupacao.json;30000;0;1;0;sim;0.0;20.0;20.0;0.0;0.0;0.0;20.0;20.0;33.3;33.3;15;0
CT-03 limiares de luminosidade e de temperatura-alvo;docs/experimentos/roteiros/funcionais/ct03-limiares.json;30000;0;1;0;sim;0.0;35.0;35.0;0.0;0.0;0.0;30.0;30.0;50.0;50.0;32;0
CT-04 desocupação 30 s após o fim do movimento;docs/experimentos/roteiros/funcionais/ct04-desocupacao-30s.json;30000;0;1;0;sim;0.0;35.0;5.0;0.0;30.0;0.0;35.0;35.0;41.7;41.7;31;0
CT-05 configuração remota: tOcupado de 10 s;docs/experimentos/roteiros/funcionais/ct05-config-remota-10s.json;10000;0;1;0;sim;0.0;15.0;5.0;0.0;10.0;0.0;15.0;15.0;62.5;62.5;21;0
